model,clean,snr_0,snr_3,snr_6,snr_9,drop_snr_0,drop_snr_3,drop_snr_6,drop_snr_9
cnn,1.0,0.41391106043329534,0.7217787913340935,0.9543899657924744,0.9942987457240593,58.60889395667046,27.822120866590648,4.561003420752563,0.5701254275940704
rnn_lstm,0.9965792474344356,0.942987457240593,0.9863169897377423,0.992018244013683,0.9942987457240593,5.3775743707093815,1.0297482837528642,0.45766590389016437,0.22883295194508219
cnn_bilstm,0.9942987457240593,0.44811858608893956,0.7559863169897377,0.9338654503990877,0.9783352337514253,54.93119266055045,23.967889908256883,6.077981651376152,1.6055045871559668
cnn_bilstm_att,0.9965792474344356,0.5507411630558723,0.7924743443557583,0.9258836944127709,0.9703534777651083,44.73684210526316,20.48054919908467,7.093821510297481,2.6315789473684283
transformer,0.9646522234891676,0.4241733181299886,0.6659064994298746,0.8358038768529077,0.9201824401368301,56.02836879432624,30.9692671394799,13.35697399527186,4.609929078014175
cnn_transformer,1.0,0.314709236031927,0.4218928164196123,0.7297605473204105,0.9589509692132269,68.5290763968073,57.81071835803877,27.02394526795895,4.104903078677314
