Model,Acc Mean,Acc Std,Train Time (s),Infer Time (ms)
CNN,0.9974914481185861,0.0011172131095932636,6.7957700252532955,1.018312999180385
RNN,0.9942987457240594,0.001019871369441141,8.237347936630249,1.5926871980939592
CNN+BiLSTM,0.939794754846066,0.04610563126102556,9.682618474960327,0.8334326744079589
CNN+BiLSTM+Att,0.9794754846066136,0.00752911015699848,8.182922172546387,0.016813647923746837
Transformer,0.9222348916761687,0.01570734354182219,554.5622679710389,41.008734703063965
CNN+Transformer,0.9988597491448118,0.0012490822292021944,33.264865970611574,70.95456123352051
