Model,Acc Mean,Acc Std,Train Time (s),Infer Time (ms)
CNN,0.9954389965792474,0.0020397427388823683,4.317731237411499,13.17758560180664
RNN,0.9942987457240594,0.001019871369441141,11.175303983688355,2.1347079958234514
CNN+BiLSTM,0.9751425313568985,0.014803951988248586,6.271271371841431,0.4508280754089355
CNN+BiLSTM+Att,0.9874572405929305,0.010598814174341822,10.418730068206788,0.029092938761346835
Transformer,0.9265678449258836,0.021952124152536175,543.8127808570862,39.5437513078962
CNN+Transformer,0.9968072976054732,0.0024349095215578788,27.918363952636717,47.88627624511719
